Q: 0,A: 1,M: 2
"Chính sách về phép năm
Trong thời gian 2 tháng thử việc thì NV có được tính phép năm hay không? NV có được ứng phép nghỉ trong các trường hợp đặc biệt hay không?","Trong thời gian thử việc nhân viên không được hưởng phép năm.
 Sau thời gian thử việc, nhân viên được hưởng phép năm tương ứng với thời gian làm việc tại công ty kể từ ngày nhận việc và có thể sử dụng hàng tháng.
Đối với nhân viên PC 49 trở xuống có 12 ngày phép/1 năm.
Nhân viên PC từ 50-52 có 15 ngày phép/năm
Nhân viên PC từ 53 trở lên có 18 ngày phép 1 năm 
Đối với nhân viên làm công việc nặng nhọc ở nhà máy có 14 ngày phép 1 năm
Mỗi 3 năm làm việc tại công ty, nhân viên ở mọi cấp bậc sẽ được cộng thêm 1 ngày nghỉ phép năm
Không ứng trước phép năm riêng lẻ cho cá nhân trừ các tình huống bão lũ, thiên tai, dịch bệnh... dẫn đến NLĐ không đến nơi làm việc được",
Phép năm không sử dụng hết còn tồn trong năm thì những đối tượng nào được thanh toán và vào thời gian nào?,"Phép năm còn tồn trong năm được gia hạn đến 25/03 của năm sau, nếu không dùng hết sẽ thanh toán bằng tiền đối với khối bên trong PC <=49, khối bên ngoài ( kinh doanh và kỹ thuật ) sẽ tự hủy phép năm của năm cũ",
"Quyền lợi nhân viên, người thân được nhận chế độ Bảo Hiểm Bảo Việt khi có phát sinh
ví dụ: BH mức 1 người thân có được ngoại trú không, mức nhiêu, được quyền lợi bảo hiểm gì, có được Bảo lãnh viện phí cho khám ngoại trú không, lấy hóa đơn về thanh toán sau, bệnh viện có liên kết với Bảo Việt ...","Khi Nhân viên ký HĐLĐ với công ty có thể đăng ký Bảo Hiểm người thân ( cho vợ/chồng/Con cái)
Đối với Bảo hiểm người thân mức 1 (Nhân viên PC <40) có bảo hiểm nội trú, không có ngoại trú,
Đối với Bảo hiểm người thân mức 2 (Nhân viên có PC >=50) có bảo hiểm nội trú và ngoại trú
Chi tiết quyền lợi bảo hiểm, các bệnh viện có liên kết với Bảo Việt Anh Chị có thể xem trên App Bao Viet Direct hoặc liên hệ PE phụ trách khu vực để được tư vấn thêm",
Hướng dẫn thanh toán BH Bảo Việt trên App ,"Vào App Bao Viet Direct -> tạo yêu cầu bồi thường-> chọn sức khỏe ( yêu cầu bồi thường bảo hiểm sức khỏe) -> chọn thẻ (tên nhân viên hoặc người thân ) cần làm thanh toán-> khai báo thông tin theo yêu cầu bồi thường (nơi khám, chuẩn đoán, hình thức điều trị, nguyên nhân rủi ro)-> điền số tiền yêu cầu bồi thường, số tài khoản nhận ->chụp các chứng từ liên quan-> chọn nơi nhận hồ sơ ( chọn văn phòng miền Bắc, miền Trung hoặc miền Nam tùy thuộc vào nơi bạn đang ở)-> sau đó hoàn tất.
Bảo Việt sẽ gửi thông báo qua email và tin nhắn đã nhận hồ sơ từ 3-5 ngày làm việc",
"Xử lý vấn đề về App Bảo hiểm Bảo việt như cập nhật số điện thoại, App không thể hiện thông tin ... --> cần liên hệ ai bên công ty Bảo hiểm để được hỗ trợ, nhân nhờ nhân sự hướng dẫn ",Anh Chị vui lòng liên hệ PE phụ trách khu vực để được hướng dẫn thêm và hỗ trợ Anh Chị,
"Nghỉ việc có hưởng chế độ từng loại được nghỉ bao nhiêu ngày và ngày nghỉ tính từ đâu, hướng dẫn thủ tục, hồ sơ  ","Nghỉ việc có hưởng chế độ theo qui định của luật BHXH ví dụ ốm đau, thai sản, bệnh dài ngày. Tùy từng loại chế độ sẽ có ngày nghỉ khác nhau, Anh Chị liên hệ PE phụ trách khu vực để được hướng dẫn thêm về hồ sơ ","**Q: Nghỉ việc có hưởng chế độ từng loại được nghỉ bao nhiêu ngày và ngày nghỉ tính từ đâu, hướng dẫn thủ tục, hồ sơ  **A: Nghỉ việc có hưởng chế độ theo qui định của luật BHXH ví dụ ốm đau, thai sản, bệnh dài ngày. Tùy từng loại chế độ sẽ có ngày nghỉ khác nhau, Anh Chị liên hệ PE phụ trách khu vực để được hướng dẫn thêm về hồ sơ "
Team building dự kiến thời gian đi + địa điểm  … nếu không tổ chức có được chi tiền hay không  …,"Thời gian đi và địa điểm đi sẽ được công ty thông báo qua email để NLĐ nắm thông tin. Nếu không tổ chức sẽ không được chi tiền, mà ngân sách sẽ được giữ lại cho năm sau ","**Q: Team building dự kiến thời gian đi + địa điểm  … nếu không tổ chức có được chi tiền hay không  …**A: Thời gian đi và địa điểm đi sẽ được công ty thông báo qua email để NLĐ nắm thông tin. Nếu không tổ chức sẽ không được chi tiền, mà ngân sách sẽ được giữ lại cho năm sau "
"Nhân viên văn phòng có đăng ký WFH trong năm trước, đến thời hạn thanh toán phép năm (quý 1 năm sau) nhưng vẫn còn phép năm thì có được thanh toán bằng tiền số ngày phép còn của năm trước không?","Theo chính sách lương phúc lợi, Nhân viên văn phòng có làm WFH trong một số tình huống đặt biệt ( không phải WFH cho dịch bệnh, bão lũ), phép năm được sử dụng đến quý 1 năm sau, không thanh toán lại bằng tiền","**Q: Nhân viên văn phòng có đăng ký WFH trong năm trước, đến thời hạn thanh toán phép năm (quý 1 năm sau) nhưng vẫn còn phép năm thì có được thanh toán bằng tiền số ngày phép còn của năm trước không?**A: Theo chính sách lương phúc lợi, Nhân viên văn phòng có làm WFH trong một số tình huống đặt biệt ( không phải WFH cho dịch bệnh, bão lũ), phép năm được sử dụng đến quý 1 năm sau, không thanh toán lại bằng tiền"
"Nhân viên văn phòng xưởng (văn phòng sản xuất, văn phòng kho, phòng QA), có được sắp xếp nghỉ 1/2 ngày thứ 7 không?","Theo chính sách lương phúc lợi chỉ nhân viên văn phòng các nhà máy có thể nghỉ buổi chiều thứ 7. TBP quyết định sắp xếp nhân sự làm luân phiên thứ 7 để không ảnh hưởng đến tiến độ, chất lượng công việc ","**Q: Nhân viên văn phòng xưởng (văn phòng sản xuất, văn phòng kho, phòng QA), có được sắp xếp nghỉ 1/2 ngày thứ 7 không?**A: Theo chính sách lương phúc lợi chỉ nhân viên văn phòng các nhà máy có thể nghỉ buổi chiều thứ 7. TBP quyết định sắp xếp nhân sự làm luân phiên thứ 7 để không ảnh hưởng đến tiến độ, chất lượng công việc "
"Khi sinh con được nghỉ mấy ngày và được hưởng những quyền lợi gì từ BHXH, và Bảo hiểm Bảo Việt?
Tôi cần bổ sung hồ sơ gì ?Và thời gian bao lâu sau khi sinh?","Khi sinh con được nghỉ theo chế độ của BHXH, BHXH chi trả lương trong thời gian nghỉ thai sản
Chi phí nằm viện do Bảo Hiểm Bảo Việt chi trả.
NLĐ cần bổ sung giấy khai sinh hoặc chứng sinh của bé trong 1 tháng sau sinh để công ty giải quyết các chế độ cho NLĐ","**Q: Khi sinh con được nghỉ mấy ngày và được hưởng những quyền lợi gì từ BHXH, và Bảo hiểm Bảo Việt?
Tôi cần bổ sung hồ sơ gì ?Và thời gian bao lâu sau khi sinh?**A: Khi sinh con được nghỉ theo chế độ của BHXH, BHXH chi trả lương trong thời gian nghỉ thai sản
Chi phí nằm viện do Bảo Hiểm Bảo Việt chi trả.
NLĐ cần bổ sung giấy khai sinh hoặc chứng sinh của bé trong 1 tháng sau sinh để công ty giải quyết các chế độ cho NLĐ"
"Khi sinh con được quà, phúc lợi gì từ công ty, công đoàn? Cần những giấy tờ gì để được hưởng?","Ngoài các chế độ theo qui định của BHXH, công ty hỗ trợ nửa tháng lương đối với lao động nữ sinh con, đối với lao động nam sẽ có quà sinh con chi vào lương
Cần cung cấp giấy khai sinh bản sao cho công ty và công đoàn","**Q: Khi sinh con được quà, phúc lợi gì từ công ty, công đoàn? Cần những giấy tờ gì để được hưởng?**A: Ngoài các chế độ theo qui định của BHXH, công ty hỗ trợ nửa tháng lương đối với lao động nữ sinh con, đối với lao động nam sẽ có quà sinh con chi vào lương
Cần cung cấp giấy khai sinh bản sao cho công ty và công đoàn"
Nam nhân viên khi vợ sinh con nếu vợ không tham gia BHXH thì được hưởng những quyền lợi gì?,"Nam nhân viên khi vợ sinh nhưng vợ không tham gia BHXH thì cần thông báo cho C & B phụ trách để C & B làm đề nghị với BHXH hỗ trợ 2 tháng lương cơ sở.
Cần cung cấp CCCD/CMND của vợ và giấy khai sinh của bé cho C & B ","**Q: Nam nhân viên khi vợ sinh con nếu vợ không tham gia BHXH thì được hưởng những quyền lợi gì?**A: Nam nhân viên khi vợ sinh nhưng vợ không tham gia BHXH thì cần thông báo cho C & B phụ trách để C & B làm đề nghị với BHXH hỗ trợ 2 tháng lương cơ sở.
Cần cung cấp CCCD/CMND của vợ và giấy khai sinh của bé cho C & B "
"Khi kết hôn, tái hôn được hưởng những chính sách gì từ công ty và công đoàn và cần những giấy tờ gì để được hưởng?","Khi nhân viên kết hôn được hưởng chính sách hỗ trợ quà cưới (áp dụng cho cả nam và nữ cùng làm việc trong tập đoàn) và chính sách từ Công Đoàn ( mỗi khu vực có chính sách khác nha)
Cần cung cấp giấy chứng nhận kết hôn cho C & B và công đoàn","**Q: Khi kết hôn, tái hôn được hưởng những chính sách gì từ công ty và công đoàn và cần những giấy tờ gì để được hưởng?**A: Khi nhân viên kết hôn được hưởng chính sách hỗ trợ quà cưới (áp dụng cho cả nam và nữ cùng làm việc trong tập đoàn) và chính sách từ Công Đoàn ( mỗi khu vực có chính sách khác nha)
Cần cung cấp giấy chứng nhận kết hôn cho C & B và công đoàn"
Con ốm nằm viện được hưởng những quyền lợi gì từ bảo hiểm,"NLĐ cung cấp giấy ra viện cho C & B để làm thanh toán BHXH, những ngày nghỉ chăm con ốm công ty không trả lương mà BHXH trả lương, mức hưởng do BHXH chi trả là 75% tiền lương đóng BHXH của tháng liền kề","**Q: Con ốm nằm viện được hưởng những quyền lợi gì từ bảo hiểm**A: NLĐ cung cấp giấy ra viện cho C & B để làm thanh toán BHXH, những ngày nghỉ chăm con ốm công ty không trả lương mà BHXH trả lương, mức hưởng do BHXH chi trả là 75% tiền lương đóng BHXH của tháng liền kề"
"Cách cài đặt và sử dụng phần mềm BHXH VssID như thế nào?
Cách sử dụng thẻ BHYT, quá trình tham gia trên app VssID?","Cài đặt App Vssid trên điện thoại, đăng nhập bằng mã số BHXH, số điện thoại, email cá nhân và các thông tin cá nhân -> Hệ thống BHXH sẽ gửi mã đăng nhập vào tin nhắn cá nhân của nhân viên
B1: đăng nhập phần mềm VssID
B2: chọn ""Thẻ BHYT"", "" Quá trình tham gia""","**Q: Cách cài đặt và sử dụng phần mềm BHXH VssID như thế nào?
Cách sử dụng thẻ BHYT, quá trình tham gia trên app VssID?**A: Cài đặt App Vssid trên điện thoại, đăng nhập bằng mã số BHXH, số điện thoại, email cá nhân và các thông tin cá nhân -> Hệ thống BHXH sẽ gửi mã đăng nhập vào tin nhắn cá nhân của nhân viên
B1: đăng nhập phần mềm VssID
B2: chọn ""Thẻ BHYT"", "" Quá trình tham gia"""
Cách cài đặt và sử dụng phần mềm BaoViet Direct như thế nào?,"Cài đặt app Bao Viet Direct trên điện thoại, đăng nhập bằng số điện thoại, các thông tin cá nhân, nếu gặp lỗi trong quá trình đăng nhập liên hệ PE để được hỗ trợ","**Q: Cách cài đặt và sử dụng phần mềm BaoViet Direct như thế nào?**A: Cài đặt app Bao Viet Direct trên điện thoại, đăng nhập bằng số điện thoại, các thông tin cá nhân, nếu gặp lỗi trong quá trình đăng nhập liên hệ PE để được hỗ trợ"
Nếu NV mới muốn đăng ký nơi khám chữa bệnh BHYT thì cần liên hệ với Phòng Ban nào?,Liên hệ với nhân viên C & B để được đăng ký nơi khám chữa bệnh,**Q: Nếu NV mới muốn đăng ký nơi khám chữa bệnh BHYT thì cần liên hệ với Phòng Ban nào?**A: Liên hệ với nhân viên C & B để được đăng ký nơi khám chữa bệnh
"Làm thế nào để đăng ký mua bảo hiểm Bảo Việt cho vợ/chồng, con?",Nhân viên điền thông tin người thân vào form đăng ký trước ngày 05 hàng tháng,"**Q: Làm thế nào để đăng ký mua bảo hiểm Bảo Việt cho vợ/chồng, con?**A: Nhân viên điền thông tin người thân vào form đăng ký trước ngày 05 hàng tháng"
Nhân viên chưa có gia đình thì có thể mua bảo hiểm Bảo Việt cho cha mẹ ruột/nuôi được không?,"Việc đăng ký mua bảo hiểm Bảo Việt cho tứ thân phụ mẫu chỉ được thực hiện vào đợt đầu đơn bảo hiểm (thường sẽ đăng ký vào tháng 08 hàng năm). Các tháng sau đó sẽ không cập nhật mua bảo hiểm Bảo Việt cho tứ thân phụ mẫu. Do vậy, nếu NV onboard từ tháng 09 trở đi thì sẽ không mua bảo hiểm Bảo Việt cho tứ thân phụ mẫu được mà phải đợi đến tháng 08 năm sau.","**Q: Nhân viên chưa có gia đình thì có thể mua bảo hiểm Bảo Việt cho cha mẹ ruột/nuôi được không?**A: Việc đăng ký mua bảo hiểm Bảo Việt cho tứ thân phụ mẫu chỉ được thực hiện vào đợt đầu đơn bảo hiểm (thường sẽ đăng ký vào tháng 08 hàng năm). Các tháng sau đó sẽ không cập nhật mua bảo hiểm Bảo Việt cho tứ thân phụ mẫu. Do vậy, nếu NV onboard từ tháng 09 trở đi thì sẽ không mua bảo hiểm Bảo Việt cho tứ thân phụ mẫu được mà phải đợi đến tháng 08 năm sau."
Sau khi nghỉ việc bảo hiểm Bảo Việt có bị cắt không? có thể tự đóng tiền để duy trì tiền bảo hiểm sức khỏe cho cá nhân và người thân đến cuối năm được không?,"Hiệu lực thẻ bảo hiểm Bảo Việt của nhân viên và vợ/chồng, con sẽ hết hiệu lực kể từ ngày NV nghỉ việc theo HĐ Bảo hiểm ký kết với Bảo Việt. Nếu NV có nhu cầu mua bảo hiểm sức khỏe cho người thân, vui lòng liên hệ trực tiếp với Bảo Việt để mua theo diện khách hàng cá nhân.","**Q: Sau khi nghỉ việc bảo hiểm Bảo Việt có bị cắt không? có thể tự đóng tiền để duy trì tiền bảo hiểm sức khỏe cho cá nhân và người thân đến cuối năm được không?**A: Hiệu lực thẻ bảo hiểm Bảo Việt của nhân viên và vợ/chồng, con sẽ hết hiệu lực kể từ ngày NV nghỉ việc theo HĐ Bảo hiểm ký kết với Bảo Việt. Nếu NV có nhu cầu mua bảo hiểm sức khỏe cho người thân, vui lòng liên hệ trực tiếp với Bảo Việt để mua theo diện khách hàng cá nhân."
Khi nào có thẻ bảo hiểm Bảo Việt? Làm sao nhận được mã thẻ và mã kích hoạt,"Thẻ bảo hiểm Bảo Việt sẽ có hiệu lực từ ngày nhân viên onboard. Bảo Việt sẽ gửi mail mã thẻ và mã kích hoạt thẻ cho NV trong vòng 02 tháng kể từ ngày onboard. Trong thời gian này, nếu NV có đi khám, vui lòng lưu giữ lại toàn bộ hồ sơ, hóa đơn để tạo yêu cầu bồi thường sau khi có thẻ.","**Q: Khi nào có thẻ bảo hiểm Bảo Việt? Làm sao nhận được mã thẻ và mã kích hoạt**A: Thẻ bảo hiểm Bảo Việt sẽ có hiệu lực từ ngày nhân viên onboard. Bảo Việt sẽ gửi mail mã thẻ và mã kích hoạt thẻ cho NV trong vòng 02 tháng kể từ ngày onboard. Trong thời gian này, nếu NV có đi khám, vui lòng lưu giữ lại toàn bộ hồ sơ, hóa đơn để tạo yêu cầu bồi thường sau khi có thẻ."
Nếu muốn mua bảo hiểm Bảo Việt ngoại trú cho người thân PC 49 trở xuống thì phải làm sao?,"Hiện tại, HĐ Bảo hiểm giữa GF và bảo hiểm Bảo Việt không có quy định về việc Nhân viên có thể đóng thêm phí để mở rộng hạn mức quyền lợi. Nhân viên có thể liên hệ trực tiếp với Bảo Việt để mua gói bảo hiểm theo nhu cầu của mình theo diện khách hàng cá nhân.","**Q: Nếu muốn mua bảo hiểm Bảo Việt ngoại trú cho người thân PC 49 trở xuống thì phải làm sao?**A: Hiện tại, HĐ Bảo hiểm giữa GF và bảo hiểm Bảo Việt không có quy định về việc Nhân viên có thể đóng thêm phí để mở rộng hạn mức quyền lợi. Nhân viên có thể liên hệ trực tiếp với Bảo Việt để mua gói bảo hiểm theo nhu cầu của mình theo diện khách hàng cá nhân."
Trường hợp bị mất sổ BHXH và tờ rời thì phải làm gì?,"Hiện tại, công ty đang không giữ sổ BHXH của nhân viên. Nhân viên liên hệ C & B để được hướng dẫn làm lại sổ và tờ rời","**Q: Trường hợp bị mất sổ BHXH và tờ rời thì phải làm gì?**A: Hiện tại, công ty đang không giữ sổ BHXH của nhân viên. Nhân viên liên hệ C & B để được hướng dẫn làm lại sổ và tờ rời"
Làm sao để hưởng chế độ nghỉ ốm của BHXH?,"NV submit nghỉ ốm trên hệ thống HCM và gửi Giấy nghỉ hưởng BHXH về cho C&B. C&B sẽ thực hiện hồ sơ hưởng nghỉ hưởng chế độ ốm gửi BHXH, BHXH sẽ chi trả qua ATM của NV sau khi xử lý xong hồ sơ.","**Q: Làm sao để hưởng chế độ nghỉ ốm của BHXH?**A: NV submit nghỉ ốm trên hệ thống HCM và gửi Giấy nghỉ hưởng BHXH về cho C&B. C&B sẽ thực hiện hồ sơ hưởng nghỉ hưởng chế độ ốm gửi BHXH, BHXH sẽ chi trả qua ATM của NV sau khi xử lý xong hồ sơ."
Yêu cầu xuất chứng từ khấu trừ thuế liên hệ ai?,Liên hệ C & B khu vực để được hỗ trợ xuất chứng từ khấu trừ thuế,**Q: Yêu cầu xuất chứng từ khấu trừ thuế liên hệ ai?**A: Liên hệ C & B khu vực để được hỗ trợ xuất chứng từ khấu trừ thuế
Phép năm có được nghỉ dồn một lúc nhiều ngày không?,Nhân viên liên hệ TBP để sắp xếp công việc hợp lý trước khi nghỉ phép tránh ảnh hưởng đến tiến độ công việc,**Q: Phép năm có được nghỉ dồn một lúc nhiều ngày không?**A: Nhân viên liên hệ TBP để sắp xếp công việc hợp lý trước khi nghỉ phép tránh ảnh hưởng đến tiến độ công việc
"Food theo chính sách GF từ tháng 01/01/2023, nếu từ tháng 01/2023 làm việc thâm niên 5 năm có được hưởng chế độ 5 triệu không?",Chính sách Lương Phúc Lợi áp dụng chung cho tập đoàn nên Food được hưởng các chính sách phúc lợi như các ngành khác,"**Q: Food theo chính sách GF từ tháng 01/01/2023, nếu từ tháng 01/2023 làm việc thâm niên 5 năm có được hưởng chế độ 5 triệu không?**A: Chính sách Lương Phúc Lợi áp dụng chung cho tập đoàn nên Food được hưởng các chính sách phúc lợi như các ngành khác"
Hồ sơ bồi thường Bảo Việt gồm những gì,"Hồ sơ YCBT gồm: Giấy YCBT ( claim form) theo mẫu, Chứng từ y tế (Sổ khám/phiếu khám, phiếu xét nghiệm, đơn thuốc,Giấy ra viện, bảng kê chi phí khám chữa bệnh, Giấy chứng nhận phẫu thuật (nếu có)…, chứng từ tài chính (Hóa đơn đỏ hoặc hóa đơn chuyển đổi bản gốc)","**Q: Hồ sơ bồi thường Bảo Việt gồm những gì**A: Hồ sơ YCBT gồm: Giấy YCBT ( claim form) theo mẫu, Chứng từ y tế (Sổ khám/phiếu khám, phiếu xét nghiệm, đơn thuốc,Giấy ra viện, bảng kê chi phí khám chữa bệnh, Giấy chứng nhận phẫu thuật (nếu có)…, chứng từ tài chính (Hóa đơn đỏ hoặc hóa đơn chuyển đổi bản gốc)"
Hình thức Bảo hiểm sức khỏe có gì khác so với BHYT mà NV vẫn trích đóng hàng tháng?,"- Người LĐ có thẻ BHYT khi đi khám chữa bệnh được Quỹ BHYT trả toàn bộ hoặc một phần tiền khám, chữa bệnh (tỷ lệ chi trả phụ thuộc vào việc chữa bệnh đúng tuyến hay trái tuyến)-> Cần có BHYT phòng trường hợp cho các bệnh hiểm nghèo.
- NLĐ có thêm Bảo hiểm sức khỏe, tai nạn (BH Bảo Việt) do công ty mua thêm; hạn mức chi trả cho các chi phí Khám bệnh, điều trị bệnh sẽ cao hơn và rộng hơn nhưng hạn mức có giới hạn
-> Vì vậy, nên dùng cả hai loại để tối ưu quyền lợi bảo hiểm","**Q: Hình thức Bảo hiểm sức khỏe có gì khác so với BHYT mà NV vẫn trích đóng hàng tháng?**A: - Người LĐ có thẻ BHYT khi đi khám chữa bệnh được Quỹ BHYT trả toàn bộ hoặc một phần tiền khám, chữa bệnh (tỷ lệ chi trả phụ thuộc vào việc chữa bệnh đúng tuyến hay trái tuyến)-> Cần có BHYT phòng trường hợp cho các bệnh hiểm nghèo.
- NLĐ có thêm Bảo hiểm sức khỏe, tai nạn (BH Bảo Việt) do công ty mua thêm; hạn mức chi trả cho các chi phí Khám bệnh, điều trị bệnh sẽ cao hơn và rộng hơn nhưng hạn mức có giới hạn
-> Vì vậy, nên dùng cả hai loại để tối ưu quyền lợi bảo hiểm"
Chính sách hỗ trợ nhà ở cho vợ/chồng của nhân viên. Nhà trẻ cho nhân viên nội trú trại,NV nội trú trại được hỗ trợ ăn ở tại trại. Chính sách nhà trẻ cho con NV nội trú trại hiện chưa có,**Q: Chính sách hỗ trợ nhà ở cho vợ/chồng của nhân viên. Nhà trẻ cho nhân viên nội trú trại**A: NV nội trú trại được hỗ trợ ăn ở tại trại. Chính sách nhà trẻ cho con NV nội trú trại hiện chưa có
Để NV mới nhanh chóng hòa nhập và bắt kịp tiến độ công việc được giao thì cần lưu ý những điểm nào?,"Nhân viên sẽ được tham gia chương trình hội nhập và đồng hành: Nhân viên sẽ nắm được về nội quy, quy định, văn hóa làm việc, người đồng hành đào tạo, hướng dẫn trong suốt quá trình thử việc tại công ty…","**Q: Để NV mới nhanh chóng hòa nhập và bắt kịp tiến độ công việc được giao thì cần lưu ý những điểm nào?**A: Nhân viên sẽ được tham gia chương trình hội nhập và đồng hành: Nhân viên sẽ nắm được về nội quy, quy định, văn hóa làm việc, người đồng hành đào tạo, hướng dẫn trong suốt quá trình thử việc tại công ty…"
Làm sao để đăng ký ca trên hệ thống?,"Thực hiện theo các bước sau:
B1: Đăng nhập vào Timesheet - Payroll, chọn Bảng công (biểu tượng Đồng hồ màu trắng góc trái màn hình)
B2: Chọn Đăng ký ca
B3: Chọn ngày cần đăng ký ca, chọn ca phù hợp với lịch làm việc
B4: Chọn ""Lưu và Đóng""","**Q: Làm sao để đăng ký ca trên hệ thống?**A: Thực hiện theo các bước sau:
B1: Đăng nhập vào Timesheet - Payroll, chọn Bảng công (biểu tượng Đồng hồ màu trắng góc trái màn hình)
B2: Chọn Đăng ký ca
B3: Chọn ngày cần đăng ký ca, chọn ca phù hợp với lịch làm việc
B4: Chọn ""Lưu và Đóng"""
Làm sao để đăng ký tăng ca trên hệ thống?,"Thực hiện theo các bước sau:
B1: Đăng nhập vào Timesheet - Payroll, chọn Bảng công (biểu tượng Đồng hồ màu trắng góc trái màn hình)
B2: Chọn Đăng ký tăng ca
B3: Chọn ngày cần đăng ký tăng ca, nhập thời gian đăng ký tăng ca và lý do tăng ca
B4: Chọn ""Lưu và Đóng""","**Q: Làm sao để đăng ký tăng ca trên hệ thống?**A: Thực hiện theo các bước sau:
B1: Đăng nhập vào Timesheet - Payroll, chọn Bảng công (biểu tượng Đồng hồ màu trắng góc trái màn hình)
B2: Chọn Đăng ký tăng ca
B3: Chọn ngày cần đăng ký tăng ca, nhập thời gian đăng ký tăng ca và lý do tăng ca
B4: Chọn ""Lưu và Đóng"""
Nhân viên thử việc có phải thiết lập OKR trên hệ thống không?,"Nhân viên đang thử việc vẫn thiết lập OKR trên hệ thống,  OKRs trong gia đoạn thử việc là một phần cơ sở để đánh giá thử việc.","**Q: Nhân viên thử việc có phải thiết lập OKR trên hệ thống không?**A: Nhân viên đang thử việc vẫn thiết lập OKR trên hệ thống,  OKRs trong gia đoạn thử việc là một phần cơ sở để đánh giá thử việc."
"Cập nhật thông tin cá nhân ( ngày sinh, CCCD, tình trạng hôn nhân, cập nhật bằng cấp…), xem các thông tin cá nhân nhân, lương, phụ cấp trên HCM như thế nào ","Vào HCM -> Me-> Personal Information-> chọn Personal detail ( xem chi tiết về ngày sinh, tình trạng hôn nhân, và CCCD)-> bấm vào cây bút chì bên phải màn hình để chỉnh sửa dữ liệu -> upload chứng từ để HR check và submit
-> Chọn Contact Info để xem các thông tin số điện thoại, email, địa chỉ->bấm vào cây bút bên phải màn hình để chỉnh sửa dữ liệu-> upload chứng từ để HR check và submit
-> Employment info để xem các thông tin cá nhân tại nơi làm việc
->Family and Emergency Contacts để xem thông tin người thân
-> My Compensation xem lịch sử lương và các khoản phụ cấp ","**Q: Cập nhật thông tin cá nhân ( ngày sinh, CCCD, tình trạng hôn nhân, cập nhật bằng cấp…), xem các thông tin cá nhân nhân, lương, phụ cấp trên HCM như thế nào **A: Vào HCM -> Me-> Personal Information-> chọn Personal detail ( xem chi tiết về ngày sinh, tình trạng hôn nhân, và CCCD)-> bấm vào cây bút chì bên phải màn hình để chỉnh sửa dữ liệu -> upload chứng từ để HR check và submit
-> Chọn Contact Info để xem các thông tin số điện thoại, email, địa chỉ->bấm vào cây bút bên phải màn hình để chỉnh sửa dữ liệu-> upload chứng từ để HR check và submit
-> Employment info để xem các thông tin cá nhân tại nơi làm việc
->Family and Emergency Contacts để xem thông tin người thân
-> My Compensation xem lịch sử lương và các khoản phụ cấp "
"Phép năm thao tác như thế nào trên HCM, các ký hiệu phép năm trên HCM ","Vào HCM-> Me-> Absence -> add absence, chọn giá trị muốn nghỉ phép
-Accident leave: nghỉ do tai nạn
-Annual leave: nghỉ phép năm
-Birth control leave: nghỉ thực hiện các biện pháp kế hoạch hóa GĐ
-Children Marriage leave: nghỉ do con kết hôn
-Children sick leave: nghỉ do con ốm
-Compassionate leave: nghỉ tang chế
-Compensatory leave: nghỉ bù
-Maternity leave: nghỉ thai sản
-On duty leave: đi công tác
-Recovery leave: nghỉ dưỡng sức
-Pregnancy check up leave: nghỉ khám thai
-Sick leave: nghỉ bản thân ốm
-Unpaid leave: nghit không lương
Gặp khó khăn trong thao tác Anh Chị vui lòng liên hê PE khu vực để được hỗ trợ ","**Q: Phép năm thao tác như thế nào trên HCM, các ký hiệu phép năm trên HCM **A: Vào HCM-> Me-> Absence -> add absence, chọn giá trị muốn nghỉ phép
-Accident leave: nghỉ do tai nạn
-Annual leave: nghỉ phép năm
-Birth control leave: nghỉ thực hiện các biện pháp kế hoạch hóa GĐ
-Children Marriage leave: nghỉ do con kết hôn
-Children sick leave: nghỉ do con ốm
-Compassionate leave: nghỉ tang chế
-Compensatory leave: nghỉ bù
-Maternity leave: nghỉ thai sản
-On duty leave: đi công tác
-Recovery leave: nghỉ dưỡng sức
-Pregnancy check up leave: nghỉ khám thai
-Sick leave: nghỉ bản thân ốm
-Unpaid leave: nghit không lương
Gặp khó khăn trong thao tác Anh Chị vui lòng liên hê PE khu vực để được hỗ trợ "
Hướng dẫn đánh giá tái ký HĐLĐ + qua thử việc trên HCM ,Vào HCM-> My Team -> Performance -> tìm nhân viên trong Search Person -> Chọn Probation Evaluation Form hoặc Tái ký HĐLĐ-> chọn Evaluation để tiến hành đánh giá -> Submit để hoàn thành.,**Q: Hướng dẫn đánh giá tái ký HĐLĐ + qua thử việc trên HCM **A: Vào HCM-> My Team -> Performance -> tìm nhân viên trong Search Person -> Chọn Probation Evaluation Form hoặc Tái ký HĐLĐ-> chọn Evaluation để tiến hành đánh giá -> Submit để hoàn thành.
"Giảm trừ gia cảnh là gì và muốn đăng ký giảm trừ gia cảnh thì thủ tục, qui định như thế nào","Giảm trừ gia cảnh (GTGC) là số tiền được trừ vào thu nhập chịu thuế trước khi tính thuế đối với thu nhập từ kinh doanh, tiền lương, tiền công của đối tượng nộp thuế là cá nhân cư trú.
Muốn đăng ký GTGC Nhân viên liên hệ với PE phụ trách khu vực để được hướng dẫn cách đăng ký, các qui định và giấy tờ cần nộp về công ty để tính GTGC","**Q: Giảm trừ gia cảnh là gì và muốn đăng ký giảm trừ gia cảnh thì thủ tục, qui định như thế nào**A: Giảm trừ gia cảnh (GTGC) là số tiền được trừ vào thu nhập chịu thuế trước khi tính thuế đối với thu nhập từ kinh doanh, tiền lương, tiền công của đối tượng nộp thuế là cá nhân cư trú.
Muốn đăng ký GTGC Nhân viên liên hệ với PE phụ trách khu vực để được hướng dẫn cách đăng ký, các qui định và giấy tờ cần nộp về công ty để tính GTGC"
Tính sao ra được số tiền hoàn thuế TNCN ,"Tiền thuế TNCN được hoàn lại sẽ được tính theo công thức như sau:
'-Tiền thuế TNCN được hoàn lại (nộp thừa): Số tiền thuế TNCN đã nộp - số thuế TNCN phải nộp theo qui định quyết toán thuế 
'-Số thuế TNCN phải nộp theo qui định quyết toán thuế =(( tổng thu nhập chịu thuế - tổng các khoản giảm trừ)/12)* thuế suất theo biểu lũy tiến từng phần * 12 tháng.
Trong đó: 
Thu nhập chịu thuế được hiểu là tổng thu nhập từ tiền lương hay tiền công mà cá nhân nhận được từ ngày 01/01 đến 31/12 quyết toán
Các khoản giảm trừ bao gồm: Giảm trừ gia cảnh ( bản thân+ người phụ thuộc) + các khoản bảo hiểm bắt buộc, khuyến học, nhân đạo ...","**Q: Tính sao ra được số tiền hoàn thuế TNCN **A: Tiền thuế TNCN được hoàn lại sẽ được tính theo công thức như sau:
'-Tiền thuế TNCN được hoàn lại (nộp thừa): Số tiền thuế TNCN đã nộp - số thuế TNCN phải nộp theo qui định quyết toán thuế 
'-Số thuế TNCN phải nộp theo qui định quyết toán thuế =(( tổng thu nhập chịu thuế - tổng các khoản giảm trừ)/12)* thuế suất theo biểu lũy tiến từng phần * 12 tháng.
Trong đó: 
Thu nhập chịu thuế được hiểu là tổng thu nhập từ tiền lương hay tiền công mà cá nhân nhận được từ ngày 01/01 đến 31/12 quyết toán
Các khoản giảm trừ bao gồm: Giảm trừ gia cảnh ( bản thân+ người phụ thuộc) + các khoản bảo hiểm bắt buộc, khuyến học, nhân đạo ..."
"Khi xem phiếu lương, làm thế nào để tính được số thuế TNCN?","Cách tính thuế TNCN:
Thuế TNCN =Thu nhập tính thuế * thuế suất
Thu nhập tính thuế = thu nhập chịu thuế - các khoản giảm trừ
Thu nhập chịu thuế= Tổng thu nhập - các khoản được miễn thuế
","**Q: Khi xem phiếu lương, làm thế nào để tính được số thuế TNCN?**A: Cách tính thuế TNCN:
Thuế TNCN =Thu nhập tính thuế * thuế suất
Thu nhập tính thuế = thu nhập chịu thuế - các khoản giảm trừ
Thu nhập chịu thuế= Tổng thu nhập - các khoản được miễn thuế
"
"Nhân viên vào làm việc được ký HĐLĐ mấy lần, từ thời gian nào và những loại HĐLĐ nào?","Hiện tại NLĐ được ký HĐLĐ từ ngày nhận việc
Theo qui định của luật Lao động nhân viên sẽ ký HĐLĐ 3 lần
Lần 1: HĐLĐ xác định thời hạn  12 tháng
Lần 2: HĐLĐ xác định thời hạn ( 12 - 36 tháng tùy vào yêu cầu của TBP)
Lần 3: HĐLĐ không xác định thời hạn","**Q: Nhân viên vào làm việc được ký HĐLĐ mấy lần, từ thời gian nào và những loại HĐLĐ nào?**A: Hiện tại NLĐ được ký HĐLĐ từ ngày nhận việc
Theo qui định của luật Lao động nhân viên sẽ ký HĐLĐ 3 lần
Lần 1: HĐLĐ xác định thời hạn  12 tháng
Lần 2: HĐLĐ xác định thời hạn ( 12 - 36 tháng tùy vào yêu cầu của TBP)
Lần 3: HĐLĐ không xác định thời hạn"
Trình tự thủ tục khi xử ký kỷ luật nhân viên là như thế nào?,"Khi nhân viên vi phạm qui định của công ty
B1: Cảnh cáo bằng lời 
B2: Cảnh cáo bằng văn bản, có chữ ký xác nhận của nhân viên bị kỷ luật, Nhân sự, TBP, GDĐH, Công đoàn-> Hưởng 70% lương tháng 13
B3: Nếu tiếp tục vi phạm Nhân sự sẽ tiến hành họp hội đồng để đưa ra hướng giải quyết ","**Q: Trình tự thủ tục khi xử ký kỷ luật nhân viên là như thế nào?**A: Khi nhân viên vi phạm qui định của công ty
B1: Cảnh cáo bằng lời 
B2: Cảnh cáo bằng văn bản, có chữ ký xác nhận của nhân viên bị kỷ luật, Nhân sự, TBP, GDĐH, Công đoàn-> Hưởng 70% lương tháng 13
B3: Nếu tiếp tục vi phạm Nhân sự sẽ tiến hành họp hội đồng để đưa ra hướng giải quyết "
"Kiểm tra công không lên, hướng dẫn + xử lý chấm công. ","Chấm công không lên có thể do máy chấm công không nhận diện được, nhân viên quên chấm...Anh Chị vui lòng liên hệ PE phụ trách khu vực để được hướng dẫn và hỗ trợ Anh Chị","**Q: Kiểm tra công không lên, hướng dẫn + xử lý chấm công. **A: Chấm công không lên có thể do máy chấm công không nhận diện được, nhân viên quên chấm...Anh Chị vui lòng liên hệ PE phụ trách khu vực để được hướng dẫn và hỗ trợ Anh Chị"
Nhờ ủy quyền chấm công ,"Theo qui định LM sẽ thực hiện chấm công cho NV, trường hợp LM không thực hiện chấm công cho NV hàng tháng được sẽ ủy quyền cho nhân viên trong bộ phận thực hiện chấm công ","**Q: Nhờ ủy quyền chấm công **A: Theo qui định LM sẽ thực hiện chấm công cho NV, trường hợp LM không thực hiện chấm công cho NV hàng tháng được sẽ ủy quyền cho nhân viên trong bộ phận thực hiện chấm công "
Hướng dẫn chấm công cho nhân viên đối với Line ( đặc biệt đối với Line là sales) ,"Đối với sale sẽ được set công tự động, không chấm công bằng vân tay hoặc nhận diện khuôn mặt.LM vào kiểm công ( nếu nhân viên có xin nghỉ phép thì duyệt trên HCM) Và chốt công bằng cách double tick và chỗ LM ở bên trái màn hình","**Q: Hướng dẫn chấm công cho nhân viên đối với Line ( đặc biệt đối với Line là sales) **A: Đối với sale sẽ được set công tự động, không chấm công bằng vân tay hoặc nhận diện khuôn mặt.LM vào kiểm công ( nếu nhân viên có xin nghỉ phép thì duyệt trên HCM) Và chốt công bằng cách double tick và chỗ LM ở bên trái màn hình"
"Muốn đăng ký giảm trừ gia cảnh cho con, bố mẹ thì cần những thủ tục giấy tờ gì?",Liên hệ PE khu vực để được hỗ trợ,"**Q: Muốn đăng ký giảm trừ gia cảnh cho con, bố mẹ thì cần những thủ tục giấy tờ gì?**A: Liên hệ PE khu vực để được hỗ trợ"
Nếu Nhân viên không tái ký hợp đồng có cần viết đơn nghỉ việc không?,"Nhân viên cần thông báo về việc không tái ký HĐLĐ bằng email đến TBP và P.NS, và viết đơn nghỉ việc","**Q: Nếu Nhân viên không tái ký hợp đồng có cần viết đơn nghỉ việc không?**A: Nhân viên cần thông báo về việc không tái ký HĐLĐ bằng email đến TBP và P.NS, và viết đơn nghỉ việc"
"Việc thuyên chuyển nhân viên từ ngành này qua ngành khác hoặc ngược lại công ty có tạo điều kiện, quy trình thực hiện như thế nào","Công ty luôn tạo điều kiện cho nhân viên có nguyện vọng thuyên chuyển
B1-Xác nhận nhu cầu nơi đến, đồng thuận từ nơi đi
B2- Gửi phiếu thông tin nhân sự về HR nơi đến thực hiện phỏng vấn cùng Bộ Phận Tiếp nhận: xác nhận sự phù hợp và mức lương cùng các chính sách kèm theo
B3-3.1-Xác nhận tuyển>>HR thực hiện thao tác chuyển trên HCM >> NV bàn giao công việc cũ và tiếp nhận công việc mới>>Hội nhập (nếu cần)
3.2- Xác nhận không phù hợp >>phản hồi  thông tin đến nhân viên và các nhân sự liên quan.","**Q: Việc thuyên chuyển nhân viên từ ngành này qua ngành khác hoặc ngược lại công ty có tạo điều kiện, quy trình thực hiện như thế nào**A: Công ty luôn tạo điều kiện cho nhân viên có nguyện vọng thuyên chuyển
B1-Xác nhận nhu cầu nơi đến, đồng thuận từ nơi đi
B2- Gửi phiếu thông tin nhân sự về HR nơi đến thực hiện phỏng vấn cùng Bộ Phận Tiếp nhận: xác nhận sự phù hợp và mức lương cùng các chính sách kèm theo
B3-3.1-Xác nhận tuyển>>HR thực hiện thao tác chuyển trên HCM >> NV bàn giao công việc cũ và tiếp nhận công việc mới>>Hội nhập (nếu cần)
3.2- Xác nhận không phù hợp >>phản hồi  thông tin đến nhân viên và các nhân sự liên quan."
"Giải đáp, thắc mắc về lương của nhân viên sau mỗi lần nhận lương (nếu có) 
ví dụ: sao lương tháng này bị trừ tiền, tiền đó là tiền gì, làm đủ công sao nhận lương ít hơn tháng rồi …..",Anh Chị vui lòng liên hệ C & B phụ trách tính lương của ngành để được giải đáp thắc mắc,"**Q: Giải đáp, thắc mắc về lương của nhân viên sau mỗi lần nhận lương (nếu có) 
ví dụ: sao lương tháng này bị trừ tiền, tiền đó là tiền gì, làm đủ công sao nhận lương ít hơn tháng rồi …..**A: Anh Chị vui lòng liên hệ C & B phụ trách tính lương của ngành để được giải đáp thắc mắc"
Nguyên tắc tính thưởng như thế nào,Tính thưởng dựa vào trọng số OKR đạt được và số tháng tính thưởng dựa vào kết quả kinh doanh do HĐQT thông báo,**Q: Nguyên tắc tính thưởng như thế nào**A: Tính thưởng dựa vào trọng số OKR đạt được và số tháng tính thưởng dựa vào kết quả kinh doanh do HĐQT thông báo
Cách tính mức lương làm căn cứ tính thưởng,Mức lương làm căn cứ tính thưởng ( lấy lương tháng 13) là tổng số lương của 12 tháng làm việc thực tế trong năm chia 12,**Q: Cách tính mức lương làm căn cứ tính thưởng**A: Mức lương làm căn cứ tính thưởng ( lấy lương tháng 13) là tổng số lương của 12 tháng làm việc thực tế trong năm chia 12
Lương tháng 13 tính như thế nào,Lương tháng 13 là tổng số lương của 12 tháng làm việc thực tế trong năm chia 12,**Q: Lương tháng 13 tính như thế nào**A: Lương tháng 13 là tổng số lương của 12 tháng làm việc thực tế trong năm chia 12
Tại sao tiền thuế bị trừ nhiều?,Công ty thực hiện đúng các qui định của thuế về việc trích đóng thuế TNCN dựa vào biểu thuế lũy tiến,**Q: Tại sao tiền thuế bị trừ nhiều?**A: Công ty thực hiện đúng các qui định của thuế về việc trích đóng thuế TNCN dựa vào biểu thuế lũy tiến
Tại sao có chấm công mà bảng công không hiển thị dữ liệu?,"1. NV check lại xem đã đăng ký ca/gán ca hay chưa
2. Nếu đã được đăng ký ca/gán ca mà không hiển thị dữ liệu chấm công, vui lòng liên hệ LM để xác nhận công.","**Q: Tại sao có chấm công mà bảng công không hiển thị dữ liệu?**A: 1. NV check lại xem đã đăng ký ca/gán ca hay chưa
2. Nếu đã được đăng ký ca/gán ca mà không hiển thị dữ liệu chấm công, vui lòng liên hệ LM để xác nhận công."
"Nhân viên có đi làm ngày lễ, Tết thì chấm công thế nào?","Hệ thống đã tự động chạy HL cho những ngày lễ, Tết. Nếu NV có đi làm những ngày này theo yêu cầu công việc do LM xác nhận, LM chấm tăng ca theo luật qui định","**Q: Nhân viên có đi làm ngày lễ, Tết thì chấm công thế nào?**A: Hệ thống đã tự động chạy HL cho những ngày lễ, Tết. Nếu NV có đi làm những ngày này theo yêu cầu công việc do LM xác nhận, LM chấm tăng ca theo luật qui định"
Làm sao để chấm công những ngày chưa có mã nhân viên?,Nhân viên liên hệ quản lý để xác nhận công cho những ngày chưa có mã Nhân viên,**Q: Làm sao để chấm công những ngày chưa có mã nhân viên?**A: Nhân viên liên hệ quản lý để xác nhận công cho những ngày chưa có mã Nhân viên
Công ty có tăng lương định kỳ hàng năm không?,"Hằng năm, căn cứ vào số liệu khảo sát lương thị trường và kết quả kinh doanh, công ty sẽ điều chỉnh lương cho nhân viên","**Q: Công ty có tăng lương định kỳ hàng năm không?**A: Hằng năm, căn cứ vào số liệu khảo sát lương thị trường và kết quả kinh doanh, công ty sẽ điều chỉnh lương cho nhân viên"
Thời gian chi lương tháng 13 ?,Sẽ có thông báo đến tất cả nhân viên về ngày chi lương tháng 13,**Q: Thời gian chi lương tháng 13 ?**A: Sẽ có thông báo đến tất cả nhân viên về ngày chi lương tháng 13
Thời gian nào hoàn thuế thu nhập cá nhân?,Vào tháng 3 hàng năm,**Q: Thời gian nào hoàn thuế thu nhập cá nhân?**A: Vào tháng 3 hàng năm
Tái ký HDLD có review lương không?,TBP sẽ xem xét mức lương của nhân viên tại thời điểm tái ký HĐLĐ để có đề xuất phù hợp,**Q: Tái ký HDLD có review lương không?**A: TBP sẽ xem xét mức lương của nhân viên tại thời điểm tái ký HĐLĐ để có đề xuất phù hợp
Nghỉ WJL hưởng bao nhiêu phần trăm lương,WJL theo chính sách hưởng 70% lương,**Q: Nghỉ WJL hưởng bao nhiêu phần trăm lương**A: WJL theo chính sách hưởng 70% lương
NHân viên tham gia BHXH từ khi nào? Công ty đóng BHXH cho người LĐ như thế nào? Và NLĐ trích đóng bao nhiêu trên mức lương ký HĐLĐ,"Nhân viên được tham gia BHXH từ tháng nhận việc
Công ty đóng BHXH cho NLĐ trên mức lương ký HĐLĐ.
Và đóng theo qui định của luật BHXH Công ty đóng 21.5%, và NLĐ trích lương đóng 10.5%","**Q: NHân viên tham gia BHXH từ khi nào? Công ty đóng BHXH cho người LĐ như thế nào? Và NLĐ trích đóng bao nhiêu trên mức lương ký HĐLĐ**A: Nhân viên được tham gia BHXH từ tháng nhận việc
Công ty đóng BHXH cho NLĐ trên mức lương ký HĐLĐ.
Và đóng theo qui định của luật BHXH Công ty đóng 21.5%, và NLĐ trích lương đóng 10.5%"
Thời gian làm việc?Tính tăng ca như thế nào? Có theo luật lao động không?,"Thời gian làm việc theo qui định của luật lao động, 8h/1 ngày.
Tính tăng ca theo qui định của luật lao động.","**Q: Thời gian làm việc?Tính tăng ca như thế nào? Có theo luật lao động không?**A: Thời gian làm việc theo qui định của luật lao động, 8h/1 ngày.
Tính tăng ca theo qui định của luật lao động."
Nhân viên làm việc trong môi trường trại chăn nuôi thời gian nào thì được tính tăng ca ngoài giờ 8h,"Nhân viên làm việc đủ 8h/ngày, ngoài thời gian đó thì được tính tăng ca, quy đổi theo hệ số tăng ca và sắp xếp nghỉ bù hợp lý
- Giờ tăng ca trưa cho nhóm trực heo đẻ không quá 1h/ngày
- Nhóm trực heo đẻ: Khoán trọn gói 4,5 triệu/tháng (mức khoán tăng ca theo tháng này đã bao gồm ngày nghỉ/CN, Riêng ngày Lễ được tính theo Luật hiện hành)
- Các trường hợp còn lại: Tăng ca chỉ áp dụng cho thời gian xuất bán heo và xử lý các sự cố bất thường ở Trại","**Q: Nhân viên làm việc trong môi trường trại chăn nuôi thời gian nào thì được tính tăng ca ngoài giờ 8h**A: Nhân viên làm việc đủ 8h/ngày, ngoài thời gian đó thì được tính tăng ca, quy đổi theo hệ số tăng ca và sắp xếp nghỉ bù hợp lý
- Giờ tăng ca trưa cho nhóm trực heo đẻ không quá 1h/ngày
- Nhóm trực heo đẻ: Khoán trọn gói 4,5 triệu/tháng (mức khoán tăng ca theo tháng này đã bao gồm ngày nghỉ/CN, Riêng ngày Lễ được tính theo Luật hiện hành)
- Các trường hợp còn lại: Tăng ca chỉ áp dụng cho thời gian xuất bán heo và xử lý các sự cố bất thường ở Trại"
Chế độ phúc lợi (bảo hiểm người thân) có tính phí cho nhân viên không,"Bảo hiểm người thân (Vợ/chồng/con) không có tính phí cho nhân viên, tuy nhiên phí bảo hiểm được cộng vào thu nhập để tính thuế TNCN","**Q: Chế độ phúc lợi (bảo hiểm người thân) có tính phí cho nhân viên không**A: Bảo hiểm người thân (Vợ/chồng/con) không có tính phí cho nhân viên, tuy nhiên phí bảo hiểm được cộng vào thu nhập để tính thuế TNCN"
"Sau khi nghỉ việc, Phép năm còn lại có được thanh toán không, và được thanh toán như thế nào?",Phép năm còn lại chưa nghỉ sẽ được thanh toán vào thanh toán thôi việc,"**Q: Sau khi nghỉ việc, Phép năm còn lại có được thanh toán không, và được thanh toán như thế nào?**A: Phép năm còn lại chưa nghỉ sẽ được thanh toán vào thanh toán thôi việc"
NV cần liên hệ với các bộ phận nào để hoàn tất biên bản bàn giao thôi việc?,"Sau khi bàn giao công việc với bộ phận, NV liên hệ bộ phận IT, KT để bàn giao và ký xác nhận. C&B sẽ nhận biên bản bàn giao có đầy đủ chữ ký của các bên để thực hiện các công việc liên quan đến chế độ cho NV. PE sẽ hỗ trợ nhân viên các thủ tục bàn giao","**Q: NV cần liên hệ với các bộ phận nào để hoàn tất biên bản bàn giao thôi việc?**A: Sau khi bàn giao công việc với bộ phận, NV liên hệ bộ phận IT, KT để bàn giao và ký xác nhận. C&B sẽ nhận biên bản bàn giao có đầy đủ chữ ký của các bên để thực hiện các công việc liên quan đến chế độ cho NV. PE sẽ hỗ trợ nhân viên các thủ tục bàn giao"
Khi nào thì nhận được quá trình đóng của BHXH và Quyết định nghỉ việc,"Ngày 15 của tháng kế tiếp sẽ nhận được quá trình đóng BHXH, quyết định nghỉ việc","**Q: Khi nào thì nhận được quá trình đóng của BHXH và Quyết định nghỉ việc**A: Ngày 15 của tháng kế tiếp sẽ nhận được quá trình đóng BHXH, quyết định nghỉ việc"
"Hướng dẫn thao tác thôi việc, thủ tục trên HCM ","Nhân viên thông báo thôi việc bằng email và điền form "" thông báo thôi việc"" gửi cho TBP và Nhân sự của chi nhánh. Sau khi nhân sự xác nhận các thông tin, nguyện vọng xin nghỉ việc -> nhân viên tiến hành bàn giao, và xin nghỉ việc trên HCM
Vào HCM-> Me->Resignation-> điền các thông tin về ngày nghỉ, cách nghỉ ( tự xin nghỉ hay công ty cho nghỉ ) và lý do nghỉ-> Submit để hoàn thành","**Q: Hướng dẫn thao tác thôi việc, thủ tục trên HCM **A: Nhân viên thông báo thôi việc bằng email và điền form "" thông báo thôi việc"" gửi cho TBP và Nhân sự của chi nhánh. Sau khi nhân sự xác nhận các thông tin, nguyện vọng xin nghỉ việc -> nhân viên tiến hành bàn giao, và xin nghỉ việc trên HCM
Vào HCM-> Me->Resignation-> điền các thông tin về ngày nghỉ, cách nghỉ ( tự xin nghỉ hay công ty cho nghỉ ) và lý do nghỉ-> Submit để hoàn thành"
Cách quản lý làm thôi việc cho nhân viên trên phần mềm HCM?,"Vào HCM-> my team->search nhân viên->Resignation-> điền các thông tin về ngày nghỉ, cách nghỉ ( tự xin nghỉ hay công ty cho nghỉ ) và lý do nghỉ-> Submit để hoàn thành","**Q: Cách quản lý làm thôi việc cho nhân viên trên phần mềm HCM?**A: Vào HCM-> my team->search nhân viên->Resignation-> điền các thông tin về ngày nghỉ, cách nghỉ ( tự xin nghỉ hay công ty cho nghỉ ) và lý do nghỉ-> Submit để hoàn thành"
Khi Nhân viên nghỉ việc tại Công ty cần báo trước bao nhiêu ngày theo từng loại HĐLĐ?,"Căn cứ khoản 1 Điều 35 Bộ luật Lao động 2019
Người lao động có quyền đơn phương chấm dứt hợp đồng lao động nhưng phải báo trước cho người sử dụng lao động như sau:
a) Ít nhất 45 ngày nếu làm việc theo hợp đồng lao động không xác định thời hạn;
b) Ít nhất 30 ngày nếu làm việc theo hợp đồng lao động xác định thời hạn có thời hạn từ 12 tháng đến 36 tháng;
c) Ít nhất 03 ngày làm việc nếu làm việc theo hợp đồng lao động xác định thời hạn có thời hạn dưới 12 tháng;","**Q: Khi Nhân viên nghỉ việc tại Công ty cần báo trước bao nhiêu ngày theo từng loại HĐLĐ?**A: Căn cứ khoản 1 Điều 35 Bộ luật Lao động 2019
Người lao động có quyền đơn phương chấm dứt hợp đồng lao động nhưng phải báo trước cho người sử dụng lao động như sau:
a) Ít nhất 45 ngày nếu làm việc theo hợp đồng lao động không xác định thời hạn;
b) Ít nhất 30 ngày nếu làm việc theo hợp đồng lao động xác định thời hạn có thời hạn từ 12 tháng đến 36 tháng;
c) Ít nhất 03 ngày làm việc nếu làm việc theo hợp đồng lao động xác định thời hạn có thời hạn dưới 12 tháng;"
Trường hợp nhân viên hết hạn HĐLĐ không muốn ký tiếp thì cần báo trước cho công ty bao lâu và cần những giấy tờ gì?,"Nhân viên cần báo trước 30 ngày kể từ ngày hết hạn HĐ, Nhân viên xác nhận qua email để tiến hành các thủ tục tiếp theo","**Q: Trường hợp nhân viên hết hạn HĐLĐ không muốn ký tiếp thì cần báo trước cho công ty bao lâu và cần những giấy tờ gì?**A: Nhân viên cần báo trước 30 ngày kể từ ngày hết hạn HĐ, Nhân viên xác nhận qua email để tiến hành các thủ tục tiếp theo"
"Khi nghỉ việc, có được nhận trợ cấp thôi việc không?",Nhân viên vô làm trước ngày 01/11/2022 sẽ được nhận trợ cấp thôi việc ( Thời gian thử việc không đóng BHXH),"**Q: Khi nghỉ việc, có được nhận trợ cấp thôi việc không?**A: Nhân viên vô làm trước ngày 01/11/2022 sẽ được nhận trợ cấp thôi việc ( Thời gian thử việc không đóng BHXH)"
"Ngoài các khóa đào tạo của công ty, nhân viên đăng ký các khóa học bên ngoài để nâng cao kỹ năng có được hỗ trợ kinh phí không?","Công ty sẽ tài trợ kinh phí tùy vào mục đích đào tạo, chương trình đào tạo, học phí lớp học... 
Tuy nhiên, GreenFeed có thể yêu cầu nhân viên ký cam kết đào tạo trước khi tham gia các khóa đào tạo. Cam kết này liệt kê chi tiết những chi phí đào tạo, quyền và nghĩa vụ của đôi bên trong trường hợp chấm dứt HĐLĐ.","**Q: Ngoài các khóa đào tạo của công ty, nhân viên đăng ký các khóa học bên ngoài để nâng cao kỹ năng có được hỗ trợ kinh phí không?**A: Công ty sẽ tài trợ kinh phí tùy vào mục đích đào tạo, chương trình đào tạo, học phí lớp học... 
Tuy nhiên, GreenFeed có thể yêu cầu nhân viên ký cam kết đào tạo trước khi tham gia các khóa đào tạo. Cam kết này liệt kê chi tiết những chi phí đào tạo, quyền và nghĩa vụ của đôi bên trong trường hợp chấm dứt HĐLĐ."
"Tham gia các khóa đào tạo, huấn luyện do công ty tổ chức ngoài giờ hành chính có được tính tăng ca/ hưởng phụ cấp gì không?","Theo chính sách lương -phúc lợi Nhân viên tham gia các lớp huấn luyện, đào tạo, các sự kiện do công ty tổ chức ngoài giờ làm việc hành chính, không tính tăng ca mà tính dưới dạng phụ cấp bằng 100% tiền lương, tiền công lương ca ngày","**Q: Tham gia các khóa đào tạo, huấn luyện do công ty tổ chức ngoài giờ hành chính có được tính tăng ca/ hưởng phụ cấp gì không?**A: Theo chính sách lương -phúc lợi Nhân viên tham gia các lớp huấn luyện, đào tạo, các sự kiện do công ty tổ chức ngoài giờ làm việc hành chính, không tính tăng ca mà tính dưới dạng phụ cấp bằng 100% tiền lương, tiền công lương ca ngày"
Để giúp NV học tập và phát triển thì Tập đoàn có triển khai những chương trình đào tạo nào?,"Công ty tổ chức các khóa đào tạo kỹ năng nội bộ/bên ngoài định kỳ hằng năm. Ngoài ra, còn có hệ thống e-learning giúp NV có cơ hội học tập nâng cao năng lực của mình ở mọi lúc, mọi nơi trên mọi thiết bị","**Q: Để giúp NV học tập và phát triển thì Tập đoàn có triển khai những chương trình đào tạo nào?**A: Công ty tổ chức các khóa đào tạo kỹ năng nội bộ/bên ngoài định kỳ hằng năm. Ngoài ra, còn có hệ thống e-learning giúp NV có cơ hội học tập nâng cao năng lực của mình ở mọi lúc, mọi nơi trên mọi thiết bị"
Làm thế nào để điều chỉnh chức danh trên hệ thống email sau khi được promote?,"HR sẽ tổng hợp các chức danh được promote gửi email cho IT thực hiện, Anh Chị liên hệ HR để được hỗ trợ","**Q: Làm thế nào để điều chỉnh chức danh trên hệ thống email sau khi được promote?**A: HR sẽ tổng hợp các chức danh được promote gửi email cho IT thực hiện, Anh Chị liên hệ HR để được hỗ trợ"
"Trong trường hợp thuyên chuyển giữa các BU, nếu đã làm việc trên 01 năm thì BU nào sẽ chi trả trợ cấp thôi việc cho NV?",BU hiện tại NV đang làm việc sẽ chi trợ cấp thôi việc cho nhân viên,"**Q: Trong trường hợp thuyên chuyển giữa các BU, nếu đã làm việc trên 01 năm thì BU nào sẽ chi trả trợ cấp thôi việc cho NV?**A: BU hiện tại NV đang làm việc sẽ chi trợ cấp thôi việc cho nhân viên"
Nhân viên không làm việc tại TP.HCM thì làm sao để ký HĐLĐ?,"Nhân viên gửi thông tin địa chỉ + SĐT nhận thư cho C&B. C&B sẽ gửi 02 bản HĐLĐ về cho NV ký. Sau khi ký, NV gửi lại 01 bản về VP cty cho C&B","**Q: Nhân viên không làm việc tại TP.HCM thì làm sao để ký HĐLĐ?**A: Nhân viên gửi thông tin địa chỉ + SĐT nhận thư cho C&B. C&B sẽ gửi 02 bản HĐLĐ về cho NV ký. Sau khi ký, NV gửi lại 01 bản về VP cty cho C&B"
Vì sao không thấy các nhân viên trong nhóm của tui trên OKR Webtool,"Nhân viên phải đăng nhập lần đầu trên OKR webtool thì Line manager mới thấy được nhóm có nhân viên đó.
Đối với nhân viên đổi Line manager thì phải log out sau đó login","**Q: Vì sao không thấy các nhân viên trong nhóm của tui trên OKR Webtool**A: Nhân viên phải đăng nhập lần đầu trên OKR webtool thì Line manager mới thấy được nhóm có nhân viên đó.
Đối với nhân viên đổi Line manager thì phải log out sau đó login"
Việc mở rộng kiêm nhiệm nội bộ BU hoặc ngoài BU quy trình thực hiện như thế nào,"TBP Xác nhận sự phù hợp của nhân viên-> nguyện vọng của nhân viên muốn mở rộng công việc-> Xác nhận qua email với Ngành dọc và GDĐH Chi nhánh, HR thực hiện trên HCM ( bổ sung thêm phụ cấp nếu có )","**Q: Việc mở rộng kiêm nhiệm nội bộ BU hoặc ngoài BU quy trình thực hiện như thế nào**A: TBP Xác nhận sự phù hợp của nhân viên-> nguyện vọng của nhân viên muốn mở rộng công việc-> Xác nhận qua email với Ngành dọc và GDĐH Chi nhánh, HR thực hiện trên HCM ( bổ sung thêm phụ cấp nếu có )"
Quên mật khẩu đăng nhập vào phần mềm HCM và Payrol Timesheet phải làm gì?,"Vào HCM, đánh mã Nhân viên, và bấm quên mật khẩu-> submit-> hệ thống sẽ gửi đường link đến email của nhân viên, nhân viên vào link trên email để thay đổi mật khẩu
Cách làm tương tự đối với TSPR","**Q: Quên mật khẩu đăng nhập vào phần mềm HCM và Payrol Timesheet phải làm gì?**A: Vào HCM, đánh mã Nhân viên, và bấm quên mật khẩu-> submit-> hệ thống sẽ gửi đường link đến email của nhân viên, nhân viên vào link trên email để thay đổi mật khẩu
Cách làm tương tự đối với TSPR"
Cách quản lý báo vắng cho nhân viên trên phần mềm HCM?,Vào HCM-> my team->search nhân viên->chọn … bên góc phải-> add absence->chọn loại báo vắng phù hợp -> Submit để hoàn thành,**Q: Cách quản lý báo vắng cho nhân viên trên phần mềm HCM?**A: Vào HCM-> my team->search nhân viên->chọn … bên góc phải-> add absence->chọn loại báo vắng phù hợp -> Submit để hoàn thành
"Cách sử dụng, cách thiết lập OKRs trên phần mềm OKRs webtool?","Vào Link OKR bằng mã nhân viên, password đăng nhập là Password vào TSPR ->xem hướng dẫn các thiết lập ORKs trên link OKR","**Q: Cách sử dụng, cách thiết lập OKRs trên phần mềm OKRs webtool?**A: Vào Link OKR bằng mã nhân viên, password đăng nhập là Password vào TSPR ->xem hướng dẫn các thiết lập ORKs trên link OKR"
Tại sao hệ thống Timesheet hay bị lỗi khi chấm công vào cuối tháng,Anh Chị liên hệ PE Khu vực để được hỗ trợ,**Q: Tại sao hệ thống Timesheet hay bị lỗi khi chấm công vào cuối tháng**A: Anh Chị liên hệ PE Khu vực để được hỗ trợ
Đã đăng ký phép năm trên HCM mà chưa xuống Timesheet?,Anh Chị liên hệ PE Khu vực để được hỗ trợ,**Q: Đã đăng ký phép năm trên HCM mà chưa xuống Timesheet?**A: Anh Chị liên hệ PE Khu vực để được hỗ trợ
NV mới có thể tìm hiểu thông tin về Tập đoàn và các công ty đơn vị thành viên thông qua các cổng thông tin nào?,"Hiện tại, NV mới có thể tìm hiểu thông tin về Tập đoàn và các công ty đơn vị thành viên thông qua website chính thức https://www.greenfeed.com.vn/ hoặc trang FB greenfeedvn","**Q: NV mới có thể tìm hiểu thông tin về Tập đoàn và các công ty đơn vị thành viên thông qua các cổng thông tin nào?**A: Hiện tại, NV mới có thể tìm hiểu thông tin về Tập đoàn và các công ty đơn vị thành viên thông qua website chính thức https://www.greenfeed.com.vn/ hoặc trang FB greenfeedvn"
"Những nhân viên mới không có đồng phục công ty, nhưng quy định thứ 2 mang đồng phục","NV được phát đồng phục định kỳ hằng năm, Trường hợp NV mới sẽ căn cứ theo tồn kho ở thời điểm hiện tại để cấp phát phù hợp","**Q: Những nhân viên mới không có đồng phục công ty, nhưng quy định thứ 2 mang đồng phục**A: NV được phát đồng phục định kỳ hằng năm, Trường hợp NV mới sẽ căn cứ theo tồn kho ở thời điểm hiện tại để cấp phát phù hợp"
"Các chính sách, quy trình liên quan BHXH, BHBV cần hỏi ai? Mỗi phúc lợi ra sao?",Vui lòng liên hệ với Bộ phận PE khu vực để được hỗ trợ,"**Q: Các chính sách, quy trình liên quan BHXH, BHBV cần hỏi ai? Mỗi phúc lợi ra sao?**A: Vui lòng liên hệ với Bộ phận PE khu vực để được hỗ trợ"
"Cuối năm, qui trình đánh giá nhân viên sẽ dựa vào tiêu chí nào?","Dựa vào ORKs đã được set trong năm, thái độ hành vi (các tiêu chí đánh giá) trong công việc","**Q: Cuối năm, qui trình đánh giá nhân viên sẽ dựa vào tiêu chí nào?**A: Dựa vào ORKs đã được set trong năm, thái độ hành vi (các tiêu chí đánh giá) trong công việc"
Phần mềm đánh giá OKR vị trí Trưởng Trại không xem được cho cấp nhân viên (Vì Trưởng khu đang là QLTT). Cần thiết lập thêm để Trưởng trại xem tất cả nhân viên.,Vui lòng liên hệ PE để được hỗ trợ,**Q: Phần mềm đánh giá OKR vị trí Trưởng Trại không xem được cho cấp nhân viên (Vì Trưởng khu đang là QLTT). Cần thiết lập thêm để Trưởng trại xem tất cả nhân viên.**A: Vui lòng liên hệ PE để được hỗ trợ
"Quy trình đánh giá nhân viên hằng năm đang làm ở file excel, có hệ thống nào thao tác nhanh, lưu trữ được quá trình đánh giá nhân viên và không mất thời gian gửi cho Nhân sự hoặc Điều hành,..","Hiện công ty đang áp dụng việc thực hiện đánh giá nhân viên hàng quý, năm trên phần mềm OKRs webtool https://okr.greenfeed.com.vn/","**Q: Quy trình đánh giá nhân viên hằng năm đang làm ở file excel, có hệ thống nào thao tác nhanh, lưu trữ được quá trình đánh giá nhân viên và không mất thời gian gửi cho Nhân sự hoặc Điều hành,..**A: Hiện công ty đang áp dụng việc thực hiện đánh giá nhân viên hàng quý, năm trên phần mềm OKRs webtool https://okr.greenfeed.com.vn/"
,,**Q: **A: 
,,**Q: **A: 
